<?xml version="1.0" encoding="UTF-8"?>
<!DOCTYPE configuration PUBLIC "-//mybatis.org//DTD Config 3.0//EN" 
"http://mybatis.org/dtd/mybatis-3-config.dtd">
<configuration>
<!-- 
자바와 오라클 사이의 타입이 다르다 - 언어가 다르니까
타입이 다르다 - XXXVO패턴
jdbcType이 별도로 존재한다 - null에 이슈가 존재함 - 태그내에서 하나씩 별도로 처리하는 방법도 가능함
일괄처리 방법 - 아래 코드임
아래문장이 없는 경우 오라클 서버의 not null, null 여부와 상관없이 발동됨
 -->
    <settings>
    	<setting name="jdbcTypeForNull" value="NULL" />
    </settings>
  	<environments default="development">
		<environment id="development">
			<transactionManager type="JDBC" />
			<dataSource type="POOLED">
				<property name="driver" value="oracle.jdbc.OracleDriver" /> 
				<!-- <property name="driver" value="com.p6spy.engine.spy.P6SpyDriver"/>  -->
				<property name="url" value="jdbc:oracle:thin:@localhost:1521:xe" />
				<property name="username" value="scott" />
				<property name="password" value="tiger" />
			</dataSource>
		</environment>
	</environments> 
	<mappers>
		<mapper resource="com/mybatis/mapper/test.xml" />
		<mapper resource="com/mybatis/mapper/notice.xml" />
		<mapper resource="com/mybatis/mapper/board.xml" />
	</mappers>
	
</configuration>